{
  "cumulative_return": 0.5038544909841545,
  "cagr": 1.546609866386075,
  "sharpe_ratio": 2.5993174601995315,
  "max_drawdown": -0.15041043586062341,
  "win_rate": 0.8,
  "benchmark_cumulative_return": 0.4402959676859013,
  "benchmark_sharpe_ratio": 2.103395914935923
}