{
  "cumulative_return": 0.43885715181802554,
  "cagr": 1.3014637519991727,
  "sharpe_ratio": 2.0991070728924925,
  "max_drawdown": -0.2235487600879208,
  "win_rate": 0.0,
  "benchmark_cumulative_return": 0.44029600896984356,
  "benchmark_sharpe_ratio": 2.103398895081757
}