{
  "cumulative_return": 0.13609584961472887,
  "cagr": 0.3395245146895265,
  "sharpe_ratio": 3.412418942603613,
  "max_drawdown": -0.01668298006315816,
  "win_rate": 0.8,
  "benchmark_cumulative_return": 0.4402958614492263,
  "benchmark_sharpe_ratio": 2.103399452544749
}