{
  "cumulative_return": 0.5484415627943813,
  "cagr": 1.7229004861033466,
  "sharpe_ratio": 2.7039950297780027,
  "max_drawdown": -0.13404620993789307,
  "win_rate": 1.0,
  "benchmark_cumulative_return": 0.44029592640195325,
  "benchmark_sharpe_ratio": 2.1033991866340593
}