{
  "cumulative_return": 0.04001033382851982,
  "cagr": 0.09403626399935794,
  "sharpe_ratio": 0.7928652422623103,
  "max_drawdown": -0.06421550349869765,
  "win_rate": 0.3902439024390244,
  "benchmark_cumulative_return": 0.049690954647212404,
  "benchmark_sharpe_ratio": 0.4801197155348909
}