{
  "cumulative_return": 0.1908152880719578,
  "cagr": 0.4919443673754025,
  "sharpe_ratio": 1.4757214032823245,
  "max_drawdown": -0.1423261286116858,
  "win_rate": 1.0,
  "benchmark_cumulative_return": 0.04969101430424239,
  "benchmark_sharpe_ratio": 0.4801200746562098
}