{
  "cumulative_return": 0.08711436361197222,
  "cagr": 0.21088601451714406,
  "sharpe_ratio": 0.6948532261238076,
  "max_drawdown": -0.16057435960053346,
  "win_rate": 1.0,
  "benchmark_cumulative_return": 0.04969114609601344,
  "benchmark_sharpe_ratio": 0.4801209143115536
}