{
  "cumulative_return": 0.029459267687767632,
  "cagr": 0.06877541920115848,
  "sharpe_ratio": 0.937611627088912,
  "max_drawdown": -0.039521428070810716,
  "win_rate": 0.0,
  "benchmark_cumulative_return": 0.1142106622779182,
  "benchmark_sharpe_ratio": 1.520291331644498
}