{
  "cumulative_return": 0.014440020659695518,
  "cagr": 0.033389530523040056,
  "sharpe_ratio": 1.5536291962362876,
  "max_drawdown": -0.005515659645788484,
  "win_rate": 1.0,
  "benchmark_cumulative_return": 0.1142109241623459,
  "benchmark_sharpe_ratio": 1.520290745239185
}