{
  "cumulative_return": 0.0640342495872499,
  "cagr": 0.15279702261643502,
  "sharpe_ratio": 2.1939103379172016,
  "max_drawdown": -0.02477895626254356,
  "win_rate": 0.5925925925925926,
  "benchmark_cumulative_return": -0.00721954081144438,
  "benchmark_sharpe_ratio": -0.007360986163408387
}