{
  "cumulative_return": 0.03429592684840044,
  "cagr": 0.08031383632266831,
  "sharpe_ratio": 0.590838368284607,
  "max_drawdown": -0.08198242444805448,
  "win_rate": 0.4,
  "benchmark_cumulative_return": -0.007219461792773996,
  "benchmark_sharpe_ratio": -0.007360049792652927
}